{"cameraMode":{"drawMode":0,"name":"Shaded","section":"Shading Mode"},"sceneLighting":true,"audioPlay":false,"sceneViewState":{"m_AlwaysRefresh":false,"showFog":true,"showSkybox":true,"showFlares":true,"showImageEffects":true,"showParticleSystems":true,"showVisualEffectGraphs":true,"m_FxEnabled":true},"in2DMode":false,"pivot":{"x":6.115193843841553,"y":1.0771855115890504,"z":9.946270942687989},"rotation":{"x":-0.12860284745693208,"y":0.025275716558098794,"z":-0.00327426940202713,"w":-0.9913799166679382},"size":1.5401102304458619,"orthographic":false}